{"cameraMode":{"drawMode":0,"name":"Shaded","section":"Shading Mode"},"sceneLighting":true,"audioPlay":false,"sceneViewState":{"m_AlwaysRefresh":false,"showFog":true,"showSkybox":true,"showFlares":true,"showImageEffects":true,"showParticleSystems":true,"showVisualEffectGraphs":true,"m_FxEnabled":true},"in2DMode":false,"pivot":{"x":4.016972064971924,"y":-4.875814914703369,"z":22.528213500976564},"rotation":{"x":-0.12563514709472657,"y":-0.07343641668558121,"z":0.009298131801187992,"w":-0.9893438220024109},"size":12.12435531616211,"orthographic":false}